Filename: ,test/Audio/3901_45-0.6-1-J01.wav
Analysis: ,Sharpness vs. Time
Abscissa 1: ,s
Channel 1: ,Sharpness,acum
Value: ,1.5560251496080473













0;0
0.1171979166666667;1.555565816376054
0.23440625000000007;1.583504349583653
0.35161458333333334;1.5917914543478107
0.4688229166666667;1.5512797819634507
0.5860312500000001;1.5157218146096982
0.7032395833333335;1.437522931411035
0.8204479166666667;0.0
0.9376562500000001;0.0
1.0548645833333332;0.0
