Filename: ,test/Audio/2501_45-0.6-1-J03.wav
Analysis: ,Roughness vs. Time
Abscissa 1: ,s
Channel 1: ,Roughness,asper
Value: ,0.2679674727877916













0;0
0.09998958333333333;1.3124020498557267
0.2999895833333333;0.06342684450956888
0.4999895833333333;0.16169599075645746
0.6999895833333333;0.04848256075935314
0.8999895833333333;0.02052419681997855
1.0999895833333333;0.0012731940256649208
