Filename: ,test/Audio/3901_45-0.6-1-J02.wav
Analysis: ,Sharpness vs. Time
Abscissa 1: ,s
Channel 1: ,Sharpness,acum
Value: ,1.5694309278502057













0;0
0.12142708333333332;1.5381907921028979
0.24286458333333333;1.5940843335393224
0.3643020833333333;1.6715812321336643
0.48573958333333334;1.5543800522113742
0.6071770833333333;1.5017576230128638
0.7286145833333334;1.5036598484192034
0.8500520833333333;0.0
0.9714895833333332;0.0
1.0929270833333333;0.0
