Filename: ,test/Audio/3901_45-0.6-1-J03.wav
Analysis: ,Roughness vs. Time
Abscissa 1: ,s
Channel 1: ,Roughness,asper
Value: ,0.015905124172374118













0;0
0.09998958333333333;0.06842058562546163
0.2999895833333333;0.020535924765992454
0.4999895833333333;0.006232520677563217
0.6999895833333333;0.00024171396522741393
0.8999895833333333;0.0
1.0999895833333333;0.0
