Filename: ,test/Audio/3901_45-0.6-1-J03.wav
Analysis: ,Sharpness vs. Time
Abscissa 1: ,s
Channel 1: ,Sharpness,acum
Value: ,1.5179287552411442













0;0
0.12686458333333334;1.4956997846569446
0.25373958333333335;1.5265966273910825
0.3806145833333333;1.5918377397544012
0.5074895833333334;1.5652035649031475
0.6343645833333333;1.482989339696559
0.7612395833333333;1.525864868542935
0.8881145833333333;0.0
1.0149895833333333;0.0
1.1418645833333334;0.0
