Filename: ,test/Audio/2501_45-0.6-1-J02.wav
Analysis: ,Roughness vs. Time
Abscissa 1: ,s
Channel 1: ,Roughness,asper
Value: ,0.29863257980484686













0;0
0.09998958333333334;1.53538009152904
0.29998958333333337;0.07350556870774375
0.4999895833333334;0.11423472805558155
0.6999895833333335;0.056153671922979286
0.8999895833333335;0.012408537711788082
1.0999895833333335;0.00011288090194843927
