Filename: ,test/Audio/2501_45-0.6-1-J01.wav
Analysis: ,Roughness vs. Time
Abscissa 1: ,s
Channel 1: ,Roughness,asper
Value: ,0.30849101390300626













0;0
0.09998958333333333;1.578773020799504
0.2999895833333333;0.09574163461726935
0.4999895833333333;0.13523614120482916
0.6999895833333333;0.036694040179110717
0.8999895833333333;0.004452583189984864
1.0999895833333333;4.8663427339484584e-05
